{
    "brightness-1": 0.13172468543052673,
    "brightness-2": 0.1071004793047905,
    "contrast-1": 0.045490507036447525,
    "contrast-2": 0.032337818294763565,
    "defocus_blur-1": 0.08880538493394852,
    "defocus_blur-2": 0.08069620281457901
}