{
    "brightness-1": 0.17180000245571136,
    "contrast-1": 0.09730000048875809,
    "defocus_blur-1": 0.14790000021457672
}