{
    "brightness-1": 0.1688999980688095,
    "contrast-1": 0.09529999643564224,
    "defocus_blur-1": 0.14559999108314514
}