{
    "brightness-1": 0.10462816804647446,
    "brightness-2": 0.08445411920547485,
    "contrast-1": 0.034909021109342575,
    "contrast-2": 0.02571202628314495,
    "defocus_blur-1": 0.06981804221868515,
    "defocus_blur-2": 0.06190664693713188
}