{
    "brightness-1": 0.1096716821193695,
    "brightness-2": 0.09285996854305267,
    "contrast-1": 0.03728243708610535,
    "contrast-2": 0.026602057740092278,
    "defocus_blur-1": 0.07407041639089584,
    "defocus_blur-2": 0.0644778460264206
}