{
    "brightness-1": 0.1343947798013687,
    "brightness-2": 0.10551819950342178,
    "contrast-1": 0.03945806995034218,
    "contrast-2": 0.029272152110934258,
    "defocus_blur-1": 0.08999209105968475,
    "defocus_blur-2": 0.07960838824510574
}